{
	"start":	{
		"connected":	[{
				"socket":	5,
				"local_host":	"192.168.72.135",
				"local_port":	59089,
				"remote_host":	"12.1.1.10",
				"remote_port":	5201
			}],
		"version":	"iperf 3.9",
		"system_info":	"Linux 61b5a38c61ae 6.8.0-60-generic #63~22.04.1-Ubuntu SMP PREEMPT_DYNAMIC Tue Apr 22 19:00:15 UTC 2 x86_64",
		"timestamp":	{
			"time":	"Wed, 02 Jul 2025 19:19:57 GMT",
			"timesecs":	1751483997
		},
		"connecting_to":	{
			"host":	"12.1.1.10",
			"port":	5201
		},
		"cookie":	"zht4ibm4molhecuoe75lh5pp7bxbob7mcg4x",
		"tcp_mss_default":	1348,
		"sock_bufsize":	0,
		"sndbuf_actual":	16384,
		"rcvbuf_actual":	131072,
		"test_start":	{
			"protocol":	"TCP",
			"num_streams":	1,
			"blksize":	131072,
			"omit":	0,
			"duration":	4,
			"bytes":	0,
			"blocks":	0,
			"reverse":	0,
			"tos":	0
		}
	},
	"intervals":	[{
			"streams":	[{
					"socket":	5,
					"start":	0,
					"end":	1.000224,
					"seconds":	1.0002239942550659,
					"bytes":	461016,
					"bits_per_second":	3687302.06552063,
					"retransmits":	0,
					"snd_cwnd":	48528,
					"rtt":	77331,
					"rttvar":	21692,
					"pmtu":	1460,
					"omitted":	false,
					"sender":	true
				}],
			"sum":	{
				"start":	0,
				"end":	1.000224,
				"seconds":	1.0002239942550659,
				"bytes":	461016,
				"bits_per_second":	3687302.06552063,
				"retransmits":	0,
				"omitted":	false,
				"sender":	true
			}
		}, {
			"streams":	[{
					"socket":	5,
					"start":	1.000224,
					"end":	2.000243,
					"seconds":	1.0000189542770386,
					"bytes":	376092,
					"bits_per_second":	3008678.9726652321,
					"retransmits":	0,
					"snd_cwnd":	63356,
					"rtt":	107449,
					"rttvar":	19039,
					"pmtu":	1460,
					"omitted":	false,
					"sender":	true
				}],
			"sum":	{
				"start":	1.000224,
				"end":	2.000243,
				"seconds":	1.0000189542770386,
				"bytes":	376092,
				"bits_per_second":	3008678.9726652321,
				"retransmits":	0,
				"omitted":	false,
				"sender":	true
			}
		}, {
			"streams":	[{
					"socket":	5,
					"start":	2.000243,
					"end":	3.00008,
					"seconds":	0.99983698129653931,
					"bytes":	434056,
					"bits_per_second":	3473014.1662664856,
					"retransmits":	0,
					"snd_cwnd":	74140,
					"rtt":	148871,
					"rttvar":	33529,
					"pmtu":	1460,
					"omitted":	false,
					"sender":	true
				}],
			"sum":	{
				"start":	2.000243,
				"end":	3.00008,
				"seconds":	0.99983698129653931,
				"bytes":	434056,
				"bits_per_second":	3473014.1662664856,
				"retransmits":	0,
				"omitted":	false,
				"sender":	true
			}
		}, {
			"streams":	[{
					"socket":	5,
					"start":	3.00008,
					"end":	4.000248,
					"seconds":	1.0001679658889771,
					"bytes":	397660,
					"bits_per_second":	3180745.7432136312,
					"retransmits":	0,
					"snd_cwnd":	90316,
					"rtt":	185999,
					"rttvar":	22679,
					"pmtu":	1460,
					"omitted":	false,
					"sender":	true
				}],
			"sum":	{
				"start":	3.00008,
				"end":	4.000248,
				"seconds":	1.0001679658889771,
				"bytes":	397660,
				"bits_per_second":	3180745.7432136312,
				"retransmits":	0,
				"omitted":	false,
				"sender":	true
			}
		}],
	"end":	{
		"streams":	[{
				"sender":	{
					"socket":	5,
					"start":	0,
					"end":	4.000248,
					"seconds":	4.000248,
					"bytes":	1668824,
					"bits_per_second":	3337441.0786531237,
					"retransmits":	0,
					"max_snd_cwnd":	90316,
					"max_rtt":	185999,
					"min_rtt":	77331,
					"mean_rtt":	129912,
					"sender":	true
				},
				"receiver":	{
					"socket":	5,
					"start":	0,
					"end":	4.208398,
					"seconds":	4.000248,
					"bytes":	1446404,
					"bits_per_second":	2749557.4325432149,
					"sender":	true
				}
			}],
		"sum_sent":	{
			"start":	0,
			"end":	4.000248,
			"seconds":	4.000248,
			"bytes":	1668824,
			"bits_per_second":	3337441.0786531237,
			"retransmits":	0,
			"sender":	true
		},
		"sum_received":	{
			"start":	0,
			"end":	4.208398,
			"seconds":	4.208398,
			"bytes":	1446404,
			"bits_per_second":	2749557.4325432149,
			"sender":	true
		},
		"cpu_utilization_percent":	{
			"host_total":	0.88914529021254851,
			"host_user":	0.12453467769431681,
			"host_system":	0.7646106125182317,
			"remote_total":	0.011109429726475967,
			"remote_user":	0.0015822042250216214,
			"remote_system":	0.0095262677507128059
		},
		"sender_tcp_congestion":	"cubic",
		"receiver_tcp_congestion":	"cubic"
	}
}
